{
	"format_version": "1.20.30",
	"minecraft:item": {
		"description": {
			"identifier": "myname:topaz_destroyer",
			"menu_category": {
				"category": "equipment",
				"group": "itemGroup.name.sword"
			}
		},
		"components": {
			"minecraft:max_stack_size": 1,
			"minecraft:icon": {
				"texture": "topaz_destroyer"
			},
			"minecraft:damage": 2,
			"minecraft:can_destroy_in_creative": false,
			"minecraft:durability": {
				"max_durability": 1560
			},
			"minecraft:repairable": {
				"repair_items": [
					{
						"items": [ "diamond" ],
						"repair_amount": 780
					}
				]
			},
			"minecraft:weapon": {
				"on_hurt_entity": {
					"event": "hit_damage"
				}
			},
			"tag:minecraft:is_sword": {}
		},
		"events": {
			"hit_damage": {
				"sequence": [
					{
						"run_command": {
							"command": [
								"effect @s haste 120 0",
								"effect @s jump_boost 120 0",
								"effect @s regeneration 10 1",
								"effect @s strength 120 3"
							],
							"target": "holder" //isn't necessary
						}
					}
				]
			}
		}
	}
}